,sample_id,regression_prediction
0,78-79-5,0.8618370145369503
1,16606-02-3,3.7971399448809837
2,111-44-4,0.7769103000556534
3,107-05-1,0.5055053147245876
4,555-03-3,0.6824077846436425
5,63-25-2,1.38950161419351
6,82657-04-3,3.421334094907329
7,18854-01-8,1.815804537380637
8,87-65-0,1.5465426962939797
9,149-30-4,1.6788027286231555
10,148-79-8,0.9926285659732099
11,1502-22-3,1.6463959666839252
12,104-40-5,3.06323277035431
13,18181-70-9,2.9774612314990234
14,80-43-3,2.776547093434154
15,2104-96-3,2.9062336283797654
16,606-20-2,0.9901748043913279
17,4101-68-2,3.021843967886208
18,126-72-7,3.1381157514655484
19,2051-24-3,4.079078496275381
20,75-71-8,0.43488296883143596
21,128-37-0,2.4412751166473576
22,612-22-6,1.2401761754598593
23,1702-17-6,0.6727848353668597
24,132-65-0,2.701581962567353
25,121552-61-2,2.0384819334772826
26,105512-06-9,2.0346391139887037
27,61213-25-0,2.177059596039677
28,4685-14-7,1.274985119226884
29,23184-66-9,2.372880344899403
30,33423-92-6,3.2953699038898754
31,57057-83-7,1.8291270061660951
32,4904-61-4,2.5221814205023048
33,60168-88-9,2.3107358020386837
34,84-65-1,1.830646326512726
35,135-88-6,2.7674039928333807
36,541-73-1,2.062344684906151
37,108-38-3,1.7242218936986213
38,122-39-4,2.117148380825709
39,75-35-4,0.45471751258234727
40,24019-05-4,2.9479189799333545
41,55179-31-2/70585-36-3,2.5014739570906714
42,87-61-6,2.662755799402176
43,634-90-2,3.280624293015843
44,142-96-1,1.0195689091385625
45,72-55-9,4.285394805076287
46,39227-58-2,2.685793419801617
47,90-12-0,2.5249714243530863
48,583-39-1,1.052144716607472
49,62-73-7,0.9228188845423788
50,1861-32-1,2.9118421461311494
51,"504-03-0,766-17-6",0.5980080775115373
52,226-36-8,1.99398302234662
53,527-60-6,1.4592005752296657
54,78-87-5,1.2704731934727302
55,938-22-7,2.947496804483812
56,100-02-7,0.5173796419653542
57,732-26-3,2.839726144799288
58,32774-16-6,4.667674936193437
59,67028-18-6,3.2988843085397423
60,92-94-4,3.4083739675113773
61,108-67-8,2.0378565279840877
62,55720-37-1,3.5665348065944595
63,101-77-9,1.7945933198988795
64,2303-17-5,2.0134941627990854
65,50-29-3,4.598131992475258
66,2216-69-5,1.8763588779301679
67,94361-06-5,2.3600709824891206
68,30746-58-8,3.3078463220092473
69,111-84-2,2.5207626750686365
70,78-40-0,0.6982840378357176
71,41464-51-1,4.584157787106193
72,75-09-2,0.5200903193155884
73,33284-53-6,4.297232874752065
74,88-89-1,0.7361518398347151
75,156052-68-5,2.521698552281934
76,26530-20-1,1.6785454261942026
77,50512-35-1,1.3261423006040154
78,115-90-2,1.7852322994024465
79,39227-28-6,3.645008622697972
80,2497-07-6,1.7027469815918534
81,52315-07-8,2.7232950511484946
82,28249-77-6,1.8218123780125064
83,15968-05-5,4.245687951740792
84,35065-28-2,4.682168056953893
85,96-91-3,0.5645426579445856
86,102-71-6,0.030310907137474086
87,330-55-2,1.1805829492952395
88,1740-19-8,3.0301600616064013
89,56425-91-3,1.4173995209191523
90,78-48-8,3.4685167304845788
91,95-95-4,2.170508535186435
92,121-44-8,0.653396737077717
93,26087-47-8,1.8964029714896107
94,131983-72-7,1.0724430250046104
95,40186-71-8,4.362098036204674
96,2498-66-0,2.353129738746495
97,77-47-4,2.7948646629818796
98,122-14-5,1.2017124750883859
99,76-44-8,3.9062348814833268
100,482-89-3,1.3131494696913721
101,41483-43-6,1.66753756877377
102,72178-02-0,1.7744661607459227
103,23135-22-0,-0.015465883245531664
104,2051-62-9,2.9928652560223843
105,86-50-0,1.16317681248049
106,132-64-9,1.9063776431511754
107,50375-10-5,2.4472206100397957
108,137-26-8,1.0264924976588998
109,66735-04-4,2.3078496720968396
110,123251-96-7,1.6260540059468354
111,35367-38-5,1.7522563043561223
112,52918-63-5,2.8025841634010167
113,79622-59-6,2.699337783228108
114,35065-29-3,4.591973754872857
115,1623-19-4,0.9489676883934923
116,53-70-3,2.6999733132617694
117,110-91-8,-0.35713476768319197
118,832-69-9,3.0188291713221913
119,81-14-1,1.3188532558731492
120,23103-98-2,0.9912807738988794
121,92-84-2,1.808118891084342
122,2104-64-5,2.163473606450938
123,10605-21-7,0.9574208356281628
124,120928-09-8,3.004172611308099
125,161050-58-4,2.4456659948524
126,2255-17-6,1.3396557784357803
127,126833-17-8,2.0981305241561534
128,54135-81-8,2.213650882363641
129,15862-07-4,3.799278878707881
130,59080-33-0,3.8673599988646234
131,20020-02-4,4.086649418974576
132,1490-04-6/2216-51-5,1.1173152520048855
133,26259-45-0,1.6758297722425959
134,2631-40-5,1.2597941595444921
135,6130-75-2,2.441791795237317
136,61328-46-9,3.8009122041228327
137,110-85-0,0.09151001859103802
138,103-44-6,1.3897340072271187
139,1805-32-9,1.5860196695722995
140,119-61-9,2.2912453007286424
141,75-15-0,0.6162075161507929
142,75-98-9,0.6179410146226505
143,82-44-0,2.1959940475258066
144,40487-42-1,2.1610904489009277
145,125116-23-6,2.732692779757543
146,108-70-3,2.67789444883903
147,2050-74-0,3.084449429148682
148,117-79-3,1.255981412567075
149,34256-82-1,1.8378308786537572
150,115-77-5,0.6509878445532105
151,41464-40-8,4.293211401827694
152,89-59-8,1.2296556320095622
153,88-75-5,0.5299348364945868
154,41083-11-8,3.2729146783450433
155,782-74-1,2.8781266022189556
