sample_id,regression_prediction,classification_prediction
78-79-5,0.8618370145369503,1
16606-02-3,3.7971399448809837,1
111-44-4,0.7769103000556534,1
107-05-1,0.5055053147245876,1
555-03-3,0.6824077846436425,1
63-25-2,1.38950161419351,1
82657-04-3,3.421334094907329,3
18854-01-8,1.815804537380637,3
87-65-0,1.5465426962939797,1
149-30-4,1.6788027286231555,1
148-79-8,0.9926285659732099,1
1502-22-3,1.6463959666839252,2
104-40-5,3.06323277035431,3
18181-70-9,2.9774612314990234,1
80-43-3,2.776547093434154,3
2104-96-3,2.9062336283797654,1
606-20-2,0.9901748043913279,1
4101-68-2,3.021843967886208,2
126-72-7,3.1381157514655484,2
2051-24-3,4.079078496275381,3
75-71-8,0.43488296883143596,1
128-37-0,2.4412751166473576,3
612-22-6,1.2401761754598593,1
1702-17-6,0.6727848353668597,1
132-65-0,2.701581962567353,1
121552-61-2,2.0384819334772826,1
105512-06-9,2.0346391139887037,1
61213-25-0,2.177059596039677,1
4685-14-7,1.274985119226884,1
23184-66-9,2.372880344899403,3
33423-92-6,3.2953699038898754,3
57057-83-7,1.8291270061660951,1
4904-61-4,2.5221814205023048,2
60168-88-9,2.3107358020386837,1
84-65-1,1.830646326512726,3
135-88-6,2.7674039928333807,1
541-73-1,2.062344684906151,1
108-38-3,1.7242218936986213,1
122-39-4,2.117148380825709,1
75-35-4,0.45471751258234727,1
24019-05-4,2.9479189799333545,3
55179-31-2/70585-36-3,2.5014739570906714,3
87-61-6,2.662755799402176,1
634-90-2,3.280624293015843,1
142-96-1,1.0195689091385625,3
72-55-9,4.285394805076287,2
39227-58-2,2.685793419801617,3
90-12-0,2.5249714243530863,1
583-39-1,1.052144716607472,1
62-73-7,0.9228188845423788,1
1861-32-1,2.9118421461311494,3
"504-03-0,766-17-6",0.5980080775115373,1
226-36-8,1.99398302234662,3
527-60-6,1.4592005752296657,1
78-87-5,1.2704731934727302,1
938-22-7,2.947496804483812,1
100-02-7,0.5173796419653542,1
732-26-3,2.839726144799288,3
32774-16-6,4.667674936193437,2
67028-18-6,3.2988843085397423,3
92-94-4,3.4083739675113773,3
108-67-8,2.0378565279840877,1
55720-37-1,3.5665348065944595,1
101-77-9,1.7945933198988795,1
2303-17-5,2.0134941627990854,3
50-29-3,4.598131992475258,2
2216-69-5,1.8763588779301679,1
94361-06-5,2.3600709824891206,2
30746-58-8,3.3078463220092473,3
111-84-2,2.5207626750686365,2
78-40-0,0.6982840378357176,3
41464-51-1,4.584157787106193,2
75-09-2,0.5200903193155884,1
33284-53-6,4.297232874752065,2
88-89-1,0.7361518398347151,1
156052-68-5,2.521698552281934,3
26530-20-1,1.6785454261942026,1
50512-35-1,1.3261423006040154,3
115-90-2,1.7852322994024465,3
39227-28-6,3.645008622697972,3
2497-07-6,1.7027469815918534,3
52315-07-8,2.7232950511484946,3
28249-77-6,1.8218123780125064,1
15968-05-5,4.245687951740792,1
35065-28-2,4.682168056953893,2
96-91-3,0.5645426579445856,1
102-71-6,0.030310907137474086,1
330-55-2,1.1805829492952395,1
1740-19-8,3.0301600616064013,3
56425-91-3,1.4173995209191523,1
78-48-8,3.4685167304845788,3
95-95-4,2.170508535186435,1
121-44-8,0.653396737077717,1
26087-47-8,1.8964029714896107,3
131983-72-7,1.0724430250046104,3
40186-71-8,4.362098036204674,3
2498-66-0,2.353129738746495,3
77-47-4,2.7948646629818796,1
122-14-5,1.2017124750883859,1
76-44-8,3.9062348814833268,2
482-89-3,1.3131494696913721,1
41483-43-6,1.66753756877377,3
72178-02-0,1.7744661607459227,3
23135-22-0,-0.015465883245531664,1
2051-62-9,2.9928652560223843,1
86-50-0,1.16317681248049,1
132-64-9,1.9063776431511754,1
50375-10-5,2.4472206100397957,1
137-26-8,1.0264924976588998,1
66735-04-4,2.3078496720968396,2
123251-96-7,1.6260540059468354,3
35367-38-5,1.7522563043561223,1
52918-63-5,2.8025841634010167,3
79622-59-6,2.699337783228108,1
35065-29-3,4.591973754872857,2
1623-19-4,0.9489676883934923,3
53-70-3,2.6999733132617694,3
110-91-8,-0.35713476768319197,1
832-69-9,3.0188291713221913,1
81-14-1,1.3188532558731492,3
23103-98-2,0.9912807738988794,1
92-84-2,1.808118891084342,1
2104-64-5,2.163473606450938,3
10605-21-7,0.9574208356281628,1
120928-09-8,3.004172611308099,3
161050-58-4,2.4456659948524,3
2255-17-6,1.3396557784357803,1
126833-17-8,2.0981305241561534,1
54135-81-8,2.213650882363641,1
15862-07-4,3.799278878707881,1
59080-33-0,3.8673599988646234,1
20020-02-4,4.086649418974576,1
1490-04-6/2216-51-5,1.1173152520048855,3
26259-45-0,1.6758297722425959,1
2631-40-5,1.2597941595444921,3
6130-75-2,2.441791795237317,1
61328-46-9,3.8009122041228327,1
110-85-0,0.09151001859103802,1
103-44-6,1.3897340072271187,3
1805-32-9,1.5860196695722995,1
119-61-9,2.2912453007286424,1
75-15-0,0.6162075161507929,1
75-98-9,0.6179410146226505,1
82-44-0,2.1959940475258066,3
40487-42-1,2.1610904489009277,3
125116-23-6,2.732692779757543,2
108-70-3,2.67789444883903,1
2050-74-0,3.084449429148682,1
117-79-3,1.255981412567075,1
34256-82-1,1.8378308786537572,3
115-77-5,0.6509878445532105,1
41464-40-8,4.293211401827694,1
89-59-8,1.2296556320095622,1
88-75-5,0.5299348364945868,1
41083-11-8,3.2729146783450433,3
782-74-1,2.8781266022189556,1
